@user1,user1,123,null,29/08/2566 16:06:49
@user2,user2,123,null,25/08/2023 14:43:11
@user3,user3,123,null,25/08/2023 14:43:17
@user1,user1,123,null,29/08/2566 16:06:49
@user2,user2,123,null,25/08/2023 14:43:11
@user3,user3,123,null,25/08/2023 14:43:17
@user1,user1,123,null,29/08/2566 16:06:49
@user1,user1,123,null,29/08/2566 16:06:49
@user1,user1,123,null,29/08/2566 16:06:49
@user1,user1,123,null,29/08/2566 16:06:49
@user1,user1,123,null,29/08/2566 16:06:49
@user1,user1,123,null,29/08/2566 16:06:49
@user1,user1,123,null,29/08/2566 16:06:49
@user1,user1,123,null,29/08/2566 16:06:49
@user1,user1,123,null,29/08/2566 16:06:49
@user1,user1,123,null,29/08/2566 16:06:49
@user1,user1,123,null,29/08/2566 16:06:49
@user1,user1,123,null,29/08/2566 16:06:49
@user1,user1,123,null,29/08/2566 16:06:49
@user1,user1,123,null,29/08/2566 16:06:49
@user1,user1,123,null,29/08/2566 16:06:49
@user1,user1,123,null,29/08/2566 16:06:49
@user1,user1,123,null,29/08/2566 16:06:49
@user1,user1,123,null,29/08/2566 16:06:49
@user1,user1,123,null,29/08/2566 16:06:49
@user1,user1,123,null,29/08/2566 16:06:49
@user1,user1,123,null,29/08/2566 16:06:49
@user1,user1,123,null,29/08/2566 16:06:49
@user1,user1,123,null,29/08/2566 16:06:49
@user1,user1,123,null,29/08/2566 16:06:49
@user1,user1,123,null,29/08/2566 16:06:49
@user1,user1,123,null,29/08/2566 16:06:49

@user1,user1,123,null,29/08/2566 16:06:49
@user5,user5,123,null,28/08/2023 11:37:18
@user1,user1,123,null,29/08/2566 16:06:49
@user1,user1,123,null,29/08/2566 16:06:49
@user1,user1,123,null,29/08/2566 16:06:49
@user1,user1,123,null,29/08/2566 16:06:49
@user1,user1,123,null,29/08/2566 16:06:49
@user1,user1,123,null,29/08/2566 16:06:49
